I love this sandwich.,pos
this is an amazing place!,pos
I feel very good about these beers.,pos
this is my best work.,pos
what an awesome view,pos
I do not like this restaurant,neg
I am tired of this stuff.,neg
I can't deal with this,neg
he is my sworn enemy!,neg
my boss is horrible.,neg
Los Angeles Lakers: LeBron James moves atop jersy sales,pos
"LA Notes: Pelinka, LeBron, Rivers, Lawsuit",neg
LeBron James Calls Out ESPN Report That Claims Lakers Have To ¡¥Repair¡¦ Their Relationship With Him,neg
Curry dagger disarms Rockets in Game 1,pos
Warriors: This could be the year Stephen Curry wins Finals MVP,pos
Stephen Curry torches Clippers in Game 1; Breaks NBA Playoff record,pos
Rockets¡¦ Mike D¡¦Antoni thinks James Harden should win MVP and MIP,pos
"Even at James Harden¡¦s worst, he was good enough to sink the Jazz",pos
Houston Rockets: Clippers commentator rips James Harden,neg
Anthony Davis¡¦ legacy with New Orleans Pelicans is complicated,neg
Warriors Could Join The Chase For Anthony Davis This Summer,pos
Portland Trail Blazers: Damian Lillard¡¦s Game 5 Performance Was One for the Ages,pos
Portland Trail Blazers: Damian Lillard is Leading the League in Points Per Game During the Playoffs,pos
Damian Lillard Has Woeful Shooting Night,neg
NBA Executive Calls Russell Westbrook¡¦s Contract The Second Worst In The League,neg
Oklahoma City Thunder: Russell Westbrook is part of the problem,neg
OKC Thunder grades: Russell Westbrook magnificent as he rocks Nets to sleep,pos
Milwaukee Bucks: Giannis Antetokounmpo had a nightmare Game 1,neg
Giannis Antetokounmpo will soon be the best player in the NBA,pos
"Spurs¡¦ DeMar DeRozan Fined $25,000",neg
San Antonio Spurs: 3 Reasons why DeMar DeRozan is struggling,neg
DeMar DeRozan Records Second Consecutive Double-Double,pos
"Thunderous Intentions: Markieff Morris talks new level of respect for Westbrook, free agency at OKC Thunder exit interview",pos
Raptors Rapture: Toronto Raptors: Kawhi Leonard has been better than advertised,pos
"After Kawhi Leonard limps off, Spurs fall to epic comeback at Golden State",neg
Tim Duncan 'at the top' with NBA greats after 5th title,pos
Why Gregg Popovich benched Tim Duncan,neg
What happened to Heat's Chris Bosh and Dwyane Wade?,neg
Dwyane Wade Named Sports Illustrated's 2006 Sportsman of the Year,pos
Bryant Backpedals on Request for Trade,neg
Los Angeles Lakers Kobe Bryant Suspended,neg
Kobe scores 50 for the 4th straight game,pos
"Tim Duncan, Shaquille O'Neal Headline All-NBA First Team",pos
Steve Nash Named 2004-05 NBA MVP,pos
LeBron James: Heat Star Statistically Most Clutch Player Since NBA ...,pos
Does NBA Finals Loss Harm Tim Duncan's Legacy?,neg
"Kevin Durant, Thunder at risk of elimination",neg
Kevin Durant earns first ejection of his career against Nets,neg
Kevin Durant fined for throat-slash gesture after dunk,neg
"Zach Randolph, Kendrick Perkins ejected for altercation",neg
"Blake Griffin, Clippers go dunk-crazy, blast unbeaten Spurs",pos
Zach Randolph named 2013 Western Conference All-Star,pos
"Chris Paul flops, is in so much imaginary peril",neg
Blake Griffin gets alley-oop off between-the-legs pass,pos
"Curry, Thompson become NBA's most prolific three-point duo",pos
Monta Ellis hits amazing spinning reverse ,pos
"Kobe Bryant, Dwight Howard Feud May Be Worse Than We Thought",neg
Would Failing to Make the Playoffs Be a Stain on Kobe Bryant's Career?,neg
Kevin Love unsure about Timberwolves' future,neg
Kyrie Irving scores career-high 41 in black Zorro-like mask,pos
Dion Waiters and Kyrie Irving show plenty of promise for Cleveland Cavaliers,pos
Dwight Howard has requested a trade from the Orlando Magic,neg
Orlando fans rain boos on Dwight Howard,neg
Pau Gasol: How He Can Help the Los Angeles Lakers Win the NBA Championship,pos
Pau Gasol Cements Hall of Fame Status by Reaching Elite Milestone,pos
Andre Iguodala hits miracle buzzer-beating three-pointer as Warriors beat Hawks,pos
Here's the history of Zaza Pachulia's dirty plays that Gregg Popovich was so mad about,neg
Dwight Howard to Be Named Defensive Player of the Year,pos
The NBA's Epidemic of Fired Coaches,neg
The Real Most Overrated Players of the NBA's Latest Generation,neg
Tom Brady a Choke Artist?: A Deeper Glimpse Inside the Numbers,neg
Shaquille O'Neal and Suns dominate Raptors 133-113,pos
Boston Celtics make NBA history,pos
Paul Pierce¡XOverrated,neg
Pierce now belongs with the greatest,pos
